Image,Class
1.jpg,mentah
2.jpg,mentah
3.jpg,mentah
4.jpg,mentah
5.jpg,mentah
6.jpg,mentah
7.jpg,mentah
8.jpg,mentah
9.jpg,mentah
10.jpg,mentah
11.jpg,mentah
12.jpg,mentah
13.jpg,mentah
14.jpg,mentah
15.jpg,mentah
16.jpg,mentah
17.jpg,mentah
18.jpg,mentah
19.jpg,mentah
20.jpg,mentah
21.jpg,mentah
22.jpg,mentah
23.jpg,mentah
24.jpg,mentah
25.jpg,mentah
26.jpg,mentah
27.jpg,mentah
28.jpg,mentah
29.jpg,mentah
30.jpg,mentah
31.jpg,mentah
32.jpg,mentah
33.jpg,mentah
34.jpg,mentah
35.jpg,mentah
36.jpg,mentah
37.jpg,mentah
38.jpg,mentah
39.jpg,mentah
40.jpg,mentah
41.jpg,mentah
42.jpg,mentah
43.jpg,mentah
44.jpg,mentah
45.jpg,mentah
46.jpg,mentah
47.jpg,mentah
48.jpg,mentah
49.jpg,mentah
50.jpg,mentah
51.jpg,mentah
52.jpg,mentah
53.jpg,mentah
54.jpg,mentah
55.jpg,mentah
56.jpg,mentah
57.jpg,mentah
58.jpg,mentah
59.jpg,mentah
60.jpg,mentah
61.jpg,mentah
62.jpg,mentah
63.jpg,mentah
64.jpg,mentah
65.jpg,mentah
66.jpg,mentah
67.jpg,mentah
68.jpg,mentah
69.jpg,mentah
70.jpg,mentah
71.jpg,mentah
72.jpg,mentah
73.jpg,mentah
74.jpg,mentah
75.jpg,mentah
76.jpg,mentah
77.jpg,mentah
78.jpg,mentah
79.jpg,mentah
80.jpg,mentah
81.jpg,mentah
82.jpg,mentah
83.jpg,mentah
84.jpg,mentah
85.jpg,mentah
86.jpg,mentah
87.jpg,mentah
88.jpg,mentah
89.jpg,mentah
90.jpg,mentah
91.jpg,mentah
92.jpg,mentah
93.jpg,mentah
94.jpg,mentah
95.jpg,mentah
96.jpg,mentah
97.jpg,mentah
98.jpg,mentah
99.jpg,mentah
100.jpg,mentah
101.jpg,mentah
102.jpg,mentah
103.jpg,mentah
104.jpg,mentah
105.jpg,mentah
106.jpg,mentah
107.jpg,mentah
108.jpg,mentah
109.jpg,mentah
110.jpg,mentah
111.jpg,mentah
112.jpg,mentah
113.jpg,mentah
114.jpg,mentah
115.jpg,mentah
116.jpg,mentah
117.jpg,mentah
118.jpg,mentah
119.jpg,mentah
120.jpg,mentah
121.jpg,mentah
122.jpg,mentah
123.jpg,mentah
124.jpg,mentah
125.jpg,mentah
126.jpg,mentah
127.jpg,mentah
128.jpg,mentah
129.jpg,mentah
130.jpg,mentah
131.jpg,setengah-matang
132.jpg,setengah-matang
133.jpg,setengah-matang
134.jpg,setengah-matang
135.jpg,setengah-matang
136.jpg,setengah-matang
137.jpg,setengah-matang
138.jpg,setengah-matang
139.jpg,setengah-matang
140.jpg,setengah-matang
141.jpg,setengah-matang
142.jpg,setengah-matang
143.jpg,setengah-matang
144.jpg,setengah-matang
145.jpg,setengah-matang
146.jpg,setengah-matang
147.jpg,setengah-matang
148.jpg,setengah-matang
149.jpg,setengah-matang
150.jpg,setengah-matang
151.jpg,setengah-matang
152.jpg,setengah-matang
153.jpg,setengah-matang
154.jpg,setengah-matang
155.jpg,setengah-matang
156.jpg,setengah-matang
157.jpg,setengah-matang
158.jpg,setengah-matang
159.jpg,setengah-matang
160.jpg,setengah-matang
161.jpg,setengah-matang
162.jpg,setengah-matang
163.jpg,setengah-matang
164.jpg,setengah-matang
165.jpg,setengah-matang
166.jpg,setengah-matang
167.jpg,setengah-matang
168.jpg,setengah-matang
169.jpg,setengah-matang
170.jpg,setengah-matang
171.jpg,setengah-matang
172.jpg,setengah-matang
173.jpg,setengah-matang
174.jpg,setengah-matang
175.jpg,setengah-matang
176.jpg,setengah-matang
177.jpg,setengah-matang
178.jpg,setengah-matang
179.jpg,setengah-matang
180.jpg,setengah-matang
181.jpg,setengah-matang
182.jpg,setengah-matang
183.jpg,setengah-matang
184.jpg,setengah-matang
185.jpg,setengah-matang
186.jpg,setengah-matang
187.jpg,setengah-matang
188.jpg,setengah-matang
189.jpg,setengah-matang
190.jpg,setengah-matang
191.jpg,setengah-matang
192.jpg,setengah-matang
193.jpg,setengah-matang
194.jpg,setengah-matang
195.jpg,setengah-matang
196.jpg,setengah-matang
197.jpg,setengah-matang
198.jpg,setengah-matang
199.jpg,setengah-matang
200.jpg,setengah-matang
201.jpg,setengah-matang
202.jpg,setengah-matang
203.jpg,setengah-matang
204.jpg,setengah-matang
205.jpg,setengah-matang
206.jpg,setengah-matang
207.jpg,setengah-matang
208.jpg,setengah-matang
209.jpg,setengah-matang
210.jpg,setengah-matang
211.jpg,setengah-matang
212.jpg,setengah-matang
213.jpg,setengah-matang
214.jpg,setengah-matang
215.jpg,setengah-matang
216.jpg,setengah-matang
217.jpg,setengah-matang
218.jpg,setengah-matang
219.jpg,setengah-matang
220.jpg,setengah-matang
221.jpg,setengah-matang
222.jpg,setengah-matang
223.jpg,setengah-matang
224.jpg,setengah-matang
225.jpg,setengah-matang
226.jpg,setengah-matang
227.jpg,setengah-matang
228.jpg,setengah-matang
229.jpg,setengah-matang
230.jpg,setengah-matang
231.jpg,setengah-matang
232.jpg,setengah-matang
233.jpg,setengah-matang
234.jpg,setengah-matang
235.jpg,setengah-matang
236.jpg,setengah-matang
237.jpg,setengah-matang
238.jpg,setengah-matang
239.jpg,setengah-matang
240.jpg,setengah-matang
241.jpg,setengah-matang
242.jpg,setengah-matang
243.jpg,setengah-matang
244.jpg,setengah-matang
245.jpg,setengah-matang
246.jpg,setengah-matang
247.jpg,setengah-matang
248.jpg,setengah-matang
249.jpg,setengah-matang
250.jpg,setengah-matang
251.jpg,setengah-matang
252.jpg,setengah-matang
253.jpg,setengah-matang
254.jpg,setengah-matang
255.jpg,setengah-matang
256.jpg,setengah-matang
257.jpg,setengah-matang
258.jpg,setengah-matang
259.jpg,setengah-matang
260.jpg,setengah-matang
261.jpg,matang
262.jpg,matang
263.jpg,matang
264.jpg,matang
265.jpg,matang
266.jpg,matang
267.jpg,matang
268.jpg,matang
269.jpg,matang
270.jpg,matang
271.jpg,matang
272.jpg,matang
273.jpg,matang
274.jpg,matang
275.jpg,matang
276.jpg,matang
277.jpg,matang
278.jpg,matang
279.jpg,matang
280.jpg,matang
281.jpg,matang
282.jpg,matang
283.jpg,matang
284.jpg,matang
285.jpg,matang
286.jpg,matang
287.jpg,matang
288.jpg,matang
289.jpg,matang
290.jpg,matang
291.jpg,matang
291.jpg,matang
293.jpg,matang
294.jpg,matang
295.jpg,matang
296.jpg,matang
297.jpg,matang
298.jpg,matang
299.jpg,matang
300.jpg,matang
301.jpg,matang
302.jpg,matang
303.jpg,matang
304.jpg,matang
305.jpg,matang
306.jpg,matang
307.jpg,matang
308.jpg,matang
309.jpg,matang
310.jpg,matang
311.jpg,matang
312.jpg,matang
313.jpg,matang
314.jpg,matang
315.jpg,matang
316.jpg,matang
317.jpg,matang
318.jpg,matang
319.jpg,matang
320.jpg,matang
321.jpg,matang
322.jpg,matang
323.jpg,matang
324.jpg,matang
325.jpg,matang
326.jpg,matang
327.jpg,matang
328.jpg,matang
329.jpg,matang
330.jpg,matang
331.jpg,matang
332.jpg,matang
333.jpg,matang
334.jpg,matang
335.jpg,matang
336.jpg,matang
337.jpg,matang
338.jpg,matang
339.jpg,matang
340.jpg,matang
341.jpg,matang
342.jpg,matang
343.jpg,matang
344.jpg,matang
345.jpg,matang
346.jpg,matang
347.jpg,matang
348.jpg,matang
349.jpg,matang
350.jpg,matang
351.jpg,matang
352.jpg,matang
353.jpg,matang
354.jpg,matang
355.jpg,matang
356.jpg,matang
357.jpg,matang
358.jpg,matang
359.jpg,matang
360.jpg,matang
361.jpg,matang
362.jpg,matang
363.jpg,matang
364.jpg,matang
365.jpg,matang
366.jpg,matang
367.jpg,matang
368.jpg,matang
369.jpg,matang
370.jpg,matang
371.jpg,matang
372.jpg,matang
373.jpg,matang
374.jpg,matang
375.jpg,matang
376.jpg,matang
377.jpg,matang
378.jpg,matang
379.jpg,matang
380.jpg,matang
381.jpg,matang
382.jpg,matang
383.jpg,matang
384.jpg,matang
385.jpg,matang
386.jpg,matang
387.jpg,matang
388.jpg,matang
389.jpg,matang
390.jpg,matang
391.jpg,busuk
392.jpg,busuk
393.jpg,busuk
394.jpg,busuk
395.jpg,busuk
396.jpg,busuk
397.jpg,busuk
398.jpg,busuk
399.jpg,busuk
400.jpg,busuk
401.jpg,busuk
402.jpg,busuk
403.jpg,busuk
404.jpg,busuk
405.jpg,busuk
406.jpg,busuk
407.jpg,busuk
408.jpg,busuk
409.jpg,busuk
410.jpg,busuk
411.jpg,busuk
412.jpg,busuk
413.jpg,busuk
414.jpg,busuk
415.jpg,busuk
416.jpg,busuk
417.jpg,busuk
418.jpg,busuk
419.jpg,busuk
420.jpg,busuk
421.jpg,busuk
422.jpg,busuk
423.jpg,busuk
424.jpg,busuk
425.jpg,busuk
426.jpg,busuk
427.jpg,busuk
428.jpg,busuk
429.jpg,busuk
430.jpg,busuk
431.jpg,busuk
432.jpg,busuk
433.jpg,busuk
434.jpg,busuk
435.jpg,busuk
436.jpg,busuk
437.jpg,busuk
438.jpg,busuk
439.jpg,busuk
440.jpg,busuk
441.jpg,busuk
442.jpg,busuk
443.jpg,busuk
444.jpg,busuk
445.jpg,busuk
446.jpg,busuk
447.jpg,busuk
448.jpg,busuk
449.jpg,busuk
450.jpg,busuk
451.jpg,busuk
452.jpg,busuk
453.jpg,busuk
454.jpg,busuk
455.jpg,busuk
456.jpg,busuk
457.jpg,busuk
458.jpg,busuk
459.jpg,busuk
460.jpg,busuk
461.jpg,busuk
462.jpg,busuk
463.jpg,busuk
464.jpg,busuk
465.jpg,busuk
466.jpg,busuk
467.jpg,busuk
468.jpg,busuk
469.jpg,busuk
470.jpg,busuk
471.jpg,busuk
472.jpg,busuk
473.jpg,busuk
474.jpg,busuk
475.jpg,busuk
476.jpg,busuk
477.jpg,busuk
478.jpg,busuk
479.jpg,busuk
480.jpg,busuk
481.jpg,busuk
482.jpg,busuk
483.jpg,busuk
484.jpg,busuk
485.jpg,busuk
486.jpg,busuk
487.jpg,busuk
488.jpg,busuk
489.jpg,busuk
490.jpg,busuk
491.jpg,busuk
492.jpg,busuk
493.jpg,busuk
494.jpg,busuk
495.jpg,busuk
496.jpg,busuk
497.jpg,busuk
498.jpg,busuk
499.jpg,busuk
500.jpg,busuk
501.jpg,busuk
502.jpg,busuk
503.jpg,busuk
504.jpg,busuk
505.jpg,busuk
506.jpg,busuk
507.jpg,busuk
508.jpg,busuk
509.jpg,busuk
510.jpg,busuk
511.jpg,busuk
512.jpg,busuk
513.jpg,busuk
514.jpg,busuk
515.jpg,busuk
516.jpg,busuk
517.jpg,busuk
518.jpg,busuk
519.jpg,busuk
520.jpg,busuk